{
    "ND": 0.06697260266216437,
    "RMSE": 0.48941733605045495,
    "test_loss": 5.270901844426538
}