{
    "ND": 0.06865003134594357,
    "RMSE": 0.523697906829431,
    "test_loss": 5.268281087508906
}